Shannon_index	sub	time	sample
0.747894575945354	7001	1A	7001_1A
1.03816778315169	7001	2A	7001_2A
0.6373181267188	7001	3A	7001_3A
0.473898568809984	7002	1A	7002_1A
0.546361019935921	7002	2A	7002_2A
0.495448932701331	7002	3A	7002_3A
0.486287888472246	7005	1A	7005_1A
0.729814610831473	7005	2A	7005_2A
0.528996603936385	7005	3A	7005_3A
1.58089439742857	7006	1A	7006_1A
0.146360814607275	7006	2A	7006_2A
0.105690472605308	7006	3A	7006_3A
0.771316415844848	7007	1A	7007_1A
0.680417994158828	7007	2A	7007_2A
0.338666396740931	7007	3A	7007_3A
0.182268879347641	7008	1A	7008_1A
1.33656043094572	7008	2A	7008_2A
0.0246873194921664	7008	3A	7008_3A
2.11645763356583	7009	1A	7009_1A
1.53301831206855	7009	2A	7009_2A
1.9487790956254	7009	3A	7009_3A
0.328994890866674	7010	2A	7010_2A
0.217468600787219	7010	3A	7010_3A
0.447628165436159	7011	1A	7011_1A
0.857740965367202	7011	2A	7011_2A
0.422063564135013	7011	3A	7011_3A
0.409740429719146	7012	1A	7012_1A
2.52581708426677	7012	2A	7012_2A
0.959678920999374	7012	3A	7012_3A
1.43797789917563	7013	1A	7013_1A
0.16931290855443	7013	2A	7013_2A
0.0334278827868536	7013	3A	7013_3A
0.158433734965087	7014	1A	7014_1A
0.106688385883425	7014	2A	7014_2A
0.114208516556685	7014	3A	7014_3A
2.41199339381295	7016	1A	7016_1A
0.676048047794244	7016	2A	7016_2A
0.619184660166159	7016	3A	7016_3A
0.675394243329739	7017	1A	7017_1A
0.372191436162857	7017	2A	7017_2A
0.14612400328229	7017	3A	7017_3A
2.94616595958697	7018	1A	7018_1A
2.61707222332766	7018	2A	7018_2A
2.15070040711349	7018	3A	7018_3A
2.40843514722568	7019	1A	7019_1A
0.233053088893555	7019	2A	7019_2A
0.160728342450793	7019	3A	7019_3A
0.734475745836214	7020	1A	7020_1A
0.614464252144	7020	2A	7020_2A
0.292937655422566	7020	3A	7020_3A
0.522111706792576	7021	1A	7021_1A
0.801059560757057	7021	2A	7021_2A
0.768935953783278	7021	3A	7021_3A
1.89687432085546	7022	1A	7022_1A
1.5638817077257	7022	3A	7022_3A
1.15825424825289	7023	1A	7023_1A
0.553926548587888	7023	2A	7023_2A
0.574548391797911	7023	3A	7023_3A
0.110012475434057	7024	1A	7024_1A
0.0676970683950868	7024	2A	7024_2A
0.320259228817533	7024	3A	7024_3A
0.624753308422422	7025	1A	7025_1A
0.736202990406874	7025	2A	7025_2A
0.785795544007985	7025	3A	7025_3A
0.657837331844889	7026	1A	7026_1A
1.22891983256355	7026	2A	7026_2A
0.830290829647932	7026	3A	7026_3A
0.170423328482487	7027	1A	7027_1A
0.381325731891259	7027	3A	7027_3A
0.108362749243158	7028	1A	7028_1A
0.0762649642352778	7028	2A	7028_2A
0.0460459436299784	7028	3A	7028_3A
0.101627886783057	7029	1A	7029_1A
1.60478329229897	7029	2A	7029_2A
0.807894559678773	7029	3A	7029_3A
1.08802017633161	7030	1A	7030_1A
0.788812550868552	7030	2A	7030_2A
0.857908179742596	7030	3A	7030_3A
0.583350318274472	7031	1A	7031_1A
0.431576612936507	7031	2A	7031_2A
0.340850214985353	7031	3A	7031_3A
